{
  "schema_version": "1.0.0",
  "template_set_name": "Conformist",
  "template_set_version": "1.2",
  "last_updated": "2012-02-03 17:42:30",
  "description": "A clean blue Template Set with delicate CSS3 gradients and tab-like, top-row page navigation.",
  "templates": {
    "page_layout": [
      {
        "template_name": "Page Layout",
        "content": "{{header}}\n{{page}}\n{{footer}}"
      }
    ],
    "header": [
      {
        "template_name": "Header",
        "content": "<!DOCTYPE html>\n<html>\n<head>\n  <title>{{$form_name}}</title>\n  <link href=\"http://fonts.googleapis.com/css?family={{$P.font|regex_replace:'/[ ]/':'+'}}\" rel='stylesheet' type='text/css'>  \n  {{$required_resources}}\n  {{$R.styles}}\n</head>\n<body>\n  <div class=\"ts_page\" style=\"width:900px\">\n    <div class=\"ts_header\">\n      {{form_builder_edit_link}}\n      <h1>{{$form_name}}</h1>\n    </div>\n\n"
      },
      {
        "template_name": "No Header",
        "content": "<!DOCTYPE html>\n<html>\n<head>\n  <title>{{$form_name}}</title>\n  {{$required_resources}}\n  {{$R.styles}}\n</head>\n<body>\n  <div class=\"ts_page\" style=\"width:900px\">\n\n"
      }
    ],
    "footer": [
      {
        "template_name": "Footer",
        "content": "  <div class=\"ts_footer\"></div>\n</div> <!-- ends class=\"ts_page\" div -->\n\n</body>\n</html>"
      }
    ],
    "form_page": [
      {
        "template_name": "Form Page",
        "content": "{{navigation}}\n\n<div class=\"ts_content\">\n  <div class=\"ts_content_inner\">\n\n  <h2>{{$page_name}}</h2>\n\n  {{error_message}}\n\n  <form action=\"{{$page_url}}\" method=\"post\" enctype=\"multipart/form-data\"\n    id=\"ts_form_element_id\" name=\"edit_submission_form\">\n    <input type=\"hidden\" id=\"form_tools_published_form_id\" value=\"{{$published_form_id}}\" />\n  {{foreach from=$grouped_fields key=k item=curr_group name=row}}\n    {{assign var=group value=$curr_group.group}}\n    {{assign var=fields value=$curr_group.fields}}\n\n      <a name=\"s{{$group.group_id}}\"></a>\n    {{if $group.group_name}}\n      <h3>{{$group.group_name}}</h3>\n    {{else}}\n      <br />\n    {{/if}}\n\n    {{if $fields|@count > 0}}\n    <table class=\"table_1\" cellpadding=\"1\" cellspacing=\"1\" border=\"0\" width=\"798\">\n    {{/if}}\n    \n    {{foreach from=$fields item=curr_field}}\n      <tr>\n        <td width=\"180\" valign=\"top\">\n          {{$curr_field.field_title}}\n          <span class=\"req\">{{if $curr_field.is_required}}*{{/if}}</span>\n        </td>\n        <td class=\"answer\" valign=\"top\">\n          <div class=\"pad_left\">\n          {{edit_custom_field form_id=$form_id field_info=$curr_field field_types=$field_types\n            settings=$settings submission_id=$submission_id}}\n          </div>\n        </td>\n      </tr>\n    {{/foreach}}\n\n    {{if $fields|@count > 0}}\n      </table>  \n    {{/if}}\n\n  {{/foreach}}\n\n  {{continue_block}}\n\n  </form>\n    \n  </div>\n</div>\n"
      }
    ],
    "review_page": [
      {
        "template_name": "Review Page",
        "content": "{{navigation}}\n\n<div class=\"ts_content\">\n  <div class=\"ts_content_inner\">\n\n  <h2>{{$review_page_title}}</h2>\n\n  <form action=\"{{$page_url}}\" method=\"post\" enctype=\"multipart/form-data\">\n  {{foreach from=$grouped_fields item=curr_group}}\n    {{assign var=group value=$curr_group.group}}\n    {{assign var=fields value=$curr_group.fields}}\n\n    {{if $fields|@count > 0}}\n      <h3>\n        <a href=\"?page={{$group.custom_data}}#s{{$group.group_id}}\">EDIT</a>\n        {{$group.group_name}}\n      </h3>\n  \n      <table class=\"table_1\" cellpadding=\"1\" cellspacing=\"1\" border=\"0\" width=\"798\">\n    {{/if}}\n\n    {{foreach from=$fields item=curr_field}}\n      <tr>\n        <td width=\"200\" class=\"pad_left_small\" valign=\"top\">{{$curr_field.field_title}}</td>\n        <td class=\"answer\" valign=\"top\">\n          <div class=\"pad_left\">\n          {{edit_custom_field form_id=$form_id submission_id=$submission_id\n            field_info=$curr_field field_types=$field_types settings=$settings}}\n          </div>\n        </td>\n      </tr>\n    {{/foreach}}\n\n    {{if $fields|@count > 0}}\n      </table>    \n    {{/if}}\n  {{/foreach}}\n\n  {{continue_block}}\n\n  </form>\n\n  </div>\n</div>\n\n"
      }
    ],
    "thankyou_page": [
      {
        "template_name": "Thankyou Page",
        "content": "{{navigation}}\n\n<div class=\"ts_content\">\n  <div class=\"ts_content_inner\">\n    {{$thankyou_page_content}}\n  </div>\n</div>\n"
      }
    ],
    "form_offline_page": [
      {
        "template_name": "Form Offline Page",
        "content": "<div class=\"ts_content\">\n  <div class=\"ts_content_inner\">\n    {{$form_offline_page_content}}\n  </div>\n</div>\n"
      }
    ],
    "continue_block": [
      {
        "template_name": "Continue - Button Only",
        "content": "<div class=\"ts_continue_button\">\n  <input type=\"submit\" name=\"form_tools_continue\" value=\"Continue\" />\n</div>"
      },
      {
        "template_name": "Continue - Detailed",
        "content": "<div class=\"ts_continue_block\">\n  <input type=\"submit\" name=\"form_tools_continue\" value=\"Continue\" />\n  This is page <b>{{$current_page}}</b> of <b>{{$num_pages}}</b>. You must complete \n  all steps in order for your submission to be processed. Please click continue.\n</div>\n\n"
      }
    ],
    "navigation": [
      {
        "template_name": "Navigation - Arrows",
        "content": "<ul id=\"css_nav\" class=\"nav_{{$nav_pages|@count}}_pages\">\n  {{foreach from=$nav_pages item=page_info name=row}}\n    {{assign var=i value=$smarty.foreach.row.iteration}}\n    {{if $current_page > $i && $current_page != $num_pages}}\n      <li class=\"completed_page\"><a href=\"{{$filename}}?page={{$i}}\">&raquo; {{$page_info.page_name}}</a></li>\n    {{elseif $i != $current_page && $current_page == $num_pages}}\n      <li class=\"completed_page\"><span>&raquo; {{$page_info.page_name}}</span></li>\n    {{elseif $current_page == $i || $current_page == $num_pages}}\n      <li class=\"css_nav_current_page\">&raquo; {{$page_info.page_name}}</li>\n    {{else}}\n      <li>&raquo; {{$page_info.page_name}}</li>\n    {{/if}}\n  {{/foreach}}\n</ul>"
      },
      {
        "template_name": "Navigation - Numbered",
        "content": "<ul id=\"css_nav\" class=\"nav_{{$nav_pages|@count}}_pages\">\n  {{foreach from=$nav_pages item=page_info name=row}}\n    {{assign var=i value=$smarty.foreach.row.iteration}}\n    {{if $current_page > $i && $current_page != $num_pages}}\n      <li class=\"completed_page\"><a href=\"{{$filename}}?page={{$i}}\">{{$i}}. {{$page_info.page_name}}</a></li>\n    {{elseif $i != $current_page && $current_page == $num_pages}}\n      <li class=\"completed_page\"><span>{{$i}}. {{$page_info.page_name}}</span></li>\n    {{elseif $current_page == $i || $current_page == $num_pages}}\n      <li class=\"css_nav_current_page\">{{$i}}. {{$page_info.page_name}}</li>\n    {{else}}\n      <li>{{$i}}. {{$page_info.page_name}}</li>\n    {{/if}}\n  {{/foreach}}\n</ul>"
      },
      {
        "template_name": "No Navigation",
        "content": "<ul id=\"css_nav\">\n  <li><span></span></li>\n</ul>"
      }
    ],
    "error_message": [
      {
        "template_name": "Error Message",
        "content": "{{if $validation_error}}\n  <div class=\"fb_error\">{{$validation_error}}</div>\n{{/if}}\n\n"
      }
    ]
  },
  "resources": {
    "css": [
      {
        "resource_name": "General Styles",
        "placeholder": "styles",
        "content": "html {\nheight: 100%;\n}\nbody {\nheight: 100%;\ntext-align: center;\npadding: 0px;\nmargin: 0px;\nbackground: rgb(106,147,184);\nbackground: -moz-linear-gradient(top,  rgba(106,147,184,1) 0%, rgba(115,151,183,1) 100%);\nbackground: -webkit-gradient(linear, left top, left bottom, color-stop(0%,rgba(106,147,184,1)), color-stop(100%,rgba(115,151,183,1)));\nbackground: -webkit-linear-gradient(top,  rgba(106,147,184,1) 0%,rgba(115,151,183,1) 100%);\nbackground: -o-linear-gradient(top,  rgba(106,147,184,1) 0%,rgba(115,151,183,1) 100%);\nbackground: -ms-linear-gradient(top,  rgba(106,147,184,1) 0%,rgba(115,151,183,1) 100%);\nbackground: linear-gradient(top,  rgba(106,147,184,1) 0%,rgba(115,151,183,1) 100%);\nfilter: progid:DXImageTransform.Microsoft.gradient( startColorstr='#6a93b8', endColorstr='#7397b7',GradientType=0 );\nbackground-repeat: no-repeat;\nbackground-attachment: fixed;\n}\ntd, th, p, input, textarea, select,ul,li,div, span {\nfont-family: \"Lucida Grande\",\"Lucida Sans Unicode\", Tahoma, sans-serif;\nfont-size: 12px;\ncolor: #555555;\n}\ntd, th, p, textarea, ul, li, div {\nline-height: 22px;\n}\na:link, a:visited {\ncolor: #336699;\n}\ntable {\nempty-cells: show;\n}\n\n/* page sections */\n.ts_page:after {\n-moz-transform: translate(0pt, 0pt);\nbackground: none repeat scroll 0 0 transparent;\nborder-radius: 20px 20px 20px 20px;\nbox-shadow: 15px 0 30px rgba(0, 0, 0, 0.2);\ncontent: \"\";\nleft: 0;\nposition: absolute;\nwidth: 100%;\nz-index: -2;\n}\n.ts_page {\nmargin: 40px auto;\nposition: relative;\ntext-align: left;\n}\n.ts_header h1 {\nmargin: 0px 0px 42px 20px;\npadding: 0px;\nfont-size: {{$P.font_size}};\ncolor: white;\nfont-family: \"{{$P.font}}\", \"Lucida Grande\", Arial;\nfont-weight: normal;\n}\n.ts_footer {\nbackground: rgb(64,86,107);\nbackground: -moz-linear-gradient(top,  rgb(64,86,107) 0%, rgb(44,61,76) 100%);\nbackground: -webkit-gradient(linear, left top, left bottom, color-stop(0%,rgb(64,86,107)), color-stop(100%,rgb(44,61,76)));\nbackground: -webkit-linear-gradient(top,  rgb(64,86,107) 0%,rgb(44,61,76) 100%);\nbackground: -o-linear-gradient(top,  rgb(64,86,107) 0%,rgb(44,61,76) 100%);\nbackground: -ms-linear-gradient(top,  rgb(64,86,107) 0%,rgb(44,61,76) 100%);\nbackground: linear-gradient(top,  rgb(64,86,107) 0%,rgb(44,61,76) 100%);\nfilter: progid:DXImageTransform.Microsoft.gradient( startColorstr='#40566b', endColorstr='#2c3d4c',GradientType=0 );\n-webkit-border-bottom-left-radius: 6px;\n-webkit-border-bottom-right-radius: 6px;\n-moz-border-radius-bottomleft: 6px;\n-moz-border-radius-bottomright: 6px;\nborder-bottom-left-radius: 6px;\nborder-bottom-right-radius: 6px;\npadding: 10px 0px;\ntext-align: center;\ncolor: #dddddd;\nbox-shadow: 0 8px 12px rgba(0, 0, 0, 0.3);\nheight: 5px;\n}\n.ts_content {\nbackground-color: white;\nborder: 1px solid #777777;\nborder-top: 0px;\nbox-shadow: 0 8px 12px rgba(0, 0, 0, 0.3);\npadding: 25px 50px;\n}\n.ts_continue_block {\nmargin-top: 16px;\nbackground-color: #ffffdd;\npadding: 8px;\nbox-shadow: 1px 2px 2px #878787;\n}\n.ts_continue_block input {\nfloat: right;\n}\n.ts_continue_button {\nmargin-top: 12px;\n}\n.light_grey {\ncolor: #999999;\n}\nh2 {\nfont-size: 20px;\n}\n.ts_heading {\nfont-size: 20px;\n}\n\nh3 {\nborder-top-left-radius: 4px;\nborder-top-right-radius: 4px;\n-webkit-border-top-left-radius: 4px;\n-webkit-border-top-right-radius: 4px;\n-moz-border-radius-topleft: 4px;\n-moz-border-radius-topright: 4px;\nfont-size: 12px;\nfont-weight: normal;\nmargin-bottom: 0;\nmargin-right: 1px;\npadding: 1px 0 0 5px;\nwidth: 792px;\nbackground-color: #36485a;\ncolor: white;\nheight: 22px;\n}\nh3 a:link, h3 a:visited {\nbackground-color: white;\n-webkit-border-radius: 2px;\n-moz-border-radius: 2px;\nborder-radius: 2px;\ncolor: black;\nfloat: right;\nline-height: 17px;\nmargin-right: 3px;\nmargin-top: 2px;\npadding: 0 8px;\ntext-decoration: none;\n}\nh3 a:hover {\n-webkit-border-radius: 2px;\n-moz-border-radius: 2px;\nborder-radius: 2px;\n}\n\n/* navigation */\nul#css_nav {\nclear: both;\nmargin: 0px;\npadding: 0px 40px;\noverflow: hidden;\nbackground: rgb(64,86,107);\nbackground: -moz-linear-gradient(top,  rgb(64,86,107) 0%, rgb(44,61,76) 100%);\nbackground: -webkit-gradient(linear, left top, left bottom, color-stop(0%,rgb(64,86,107)), color-stop(100%,rgb(44,61,76)));\nbackground: -webkit-linear-gradient(top,  rgb(64,86,107) 0%,rgb(44,61,76) 100%);\nbackground: -o-linear-gradient(top,  rgb(64,86,107) 0%,rgb(44,61,76) 100%);\nbackground: -ms-linear-gradient(top,  rgb(64,86,107) 0%,rgb(44,61,76) 100%);\nbackground: linear-gradient(top,  rgb(64,86,107) 0%,rgb(44,61,76) 100%);\nfilter: progid:DXImageTransform.Microsoft.gradient( startColorstr='#40566b', endColorstr='#2c3d4c',GradientType=0 );\n-webkit-border-top-left-radius: 6px;\n-webkit-border-top-right-radius: 6px;\n-moz-border-radius-topleft: 6px;\n-moz-border-radius-topright: 6px;\nborder-top-left-radius: 6px;\nborder-top-right-radius: 6px;\nheight: 38px;\n}\nul#css_nav li {\nfloat: left;\nlist-style: none;\ntext-align:center;\ncolor: #dddddd;\nfont-size: 11px;\npadding: 8px 0px;\n}\nul#css_nav li span {\nfont-size: 11px;\n}\n\nul#css_nav li.completed_page {\npadding: 0px;\n}\nul#css_nav li.css_nav_current_page {\nbackground: rgb(249,249,249);\nbackground: -moz-linear-gradient(top, rgba(249,249,249,1) 0%, rgba(255,255,255,1) 100%);\nbackground: -webkit-gradient(linear, left top, left bottom, color-stop(0%,rgba(249,249,249,1)), color-stop(100%,rgba(255,255,255,1)));\nbackground: -webkit-linear-gradient(top, rgba(249,249,249,1) 0%,rgba(255,255,255,1) 100%);\nbackground: -o-linear-gradient(top, rgba(249,249,249,1) 0%,rgba(255,255,255,1) 100%);\nbackground: -ms-linear-gradient(top, rgba(249,249,249,1) 0%,rgba(255,255,255,1) 100%);\nbackground: linear-gradient(top,  rgba(249,249,249,1) 0%,rgba(255,255,255,1) 100%);\nfilter: progid:DXImageTransform.Microsoft.gradient( startColorstr='#f9f9f9', endColorstr='#ffffff',GradientType=0 );\ncolor: #000000;\n}\nul#css_nav li a:link, ul#css_nav li a:visited, ul#css_nav li span {\ndisplay: block;\ntext-decoration: none;\ncolor: white;\nbackground-color: #333333;\npadding: 8px 0px;\nopacity: 0.5;\nfilter: alpha(opacity=50);\n}\nul#css_nav li a:hover {\nbackground-color: #222222;\nopacity: 0.9;\nfilter: alpha(opacity=90);\n}\n\n.nav_1_pages li {\nwidth: 150px;\n}\n.nav_2_pages li {\nwidth: 150px;\n}\n.nav_3_pages li {\nwidth: 150px;\n}\n.nav_4_pages li {\nwidth: 150px;\n}\n.nav_5_pages li {\nwidth: 150px;\n}\n.nav_6_pages li {\nwidth: 136px;\n}\n.nav_7_pages li {\nwidth: 116px;\n}\n.nav_8_pages li {\nwidth: 102px;\n}\n\n\n/* notifications */\n.notify {\nborder: 1px solid #336699;\nbackground-color: #ffffee;\ncolor: #336699;\npadding: 8px;\nwidth: 400px;\n}\n.notify li { color: #336699; }\n.error {\nfont-size: 8pt;\nborder: 1px solid #cc0000;\nbackground-color: #ffffee;\ncolor: #cc0000;\npadding: 8px;\nwidth: 550px;\n}\n.error span {\ncolor: #cc0000;\nfont-weight: bold;\nmargin-bottom: 4px;\n}\n\n/* forms */\ntable.table_1 > tbody > tr > td {\nborder-bottom: 1px solid #dddddd;\n}\n.table_1_bg td {\npadding: 1px;\npadding-left: 1px;\nbackground-color: #336699;\nborder-bottom: 1px solid #cccccc;\n}\ntd.answer {\nbackground-color: #efefef;\n}\n.pad_left {\npadding-left: 4px;\n}\n.req {\ncolor: #aa0000;\n}\n.fb_error {\nborder: 1px solid #990000;\npadding: 8px;\nbackground-color: #ffefef;\n}\n\n/* for the code / markup editor */\n.editor {\nbackground-color: white;\nborder: 1px solid #999999;\npadding: 3px;\n}\n#form_builder__edit_link {\nposition: absolute;\nright: 5px;\ntop: 0px;\ntext-decoration: none;\n}\n#form_builder__edit_link:hover {\ncolor: #990000;\ntext-decoration: underline;\n}\n"
      }
    ]
  },
  "placeholders": [
    {
      "placeholder_label": "Title Font",
      "placeholder": "font",
      "field_type": "select",
      "field_orientation": "na",
      "default_value": "Italianno",
      "options": [
        {
          "option_text": "Aladin"
        },
        {
          "option_text": "Alegreya SC"
        },
        {
          "option_text": "Alike Angular"
        },
        {
          "option_text": "Almendra SC"
        },
        {
          "option_text": "Chango"
        },
        {
          "option_text": "Fredericka the Great"
        },
        {
          "option_text": "Frijole"
        },
        {
          "option_text": "Gudea"
        },
        {
          "option_text": "Italianno"
        },
        {
          "option_text": "Jim Nightshade"
        },
        {
          "option_text": "Lustria"
        },
        {
          "option_text": "Miss Fajardose"
        },
        {
          "option_text": "Montez"
        },
        {
          "option_text": "Telex"
        },
        {
          "option_text": "Yesteryear"
        }
      ]
    },
    {
      "placeholder_label": "Title Font Size",
      "placeholder": "font_size",
      "field_type": "select",
      "field_orientation": "na",
      "default_value": "44px",
      "options": [
        {
          "option_text": "20px"
        },
        {
          "option_text": "22px"
        },
        {
          "option_text": "24px"
        },
        {
          "option_text": "26px"
        },
        {
          "option_text": "28px"
        },
        {
          "option_text": "30px"
        },
        {
          "option_text": "32px"
        },
        {
          "option_text": "34px"
        },
        {
          "option_text": "36px"
        },
        {
          "option_text": "38px"
        },
        {
          "option_text": "40px"
        },
        {
          "option_text": "42px"
        },
        {
          "option_text": "44px"
        },
        {
          "option_text": "46px"
        },
        {
          "option_text": "48px"
        },
        {
          "option_text": "50px"
        },
        {
          "option_text": "52px"
        },
        {
          "option_text": "54px"
        },
        {
          "option_text": "56px"
        },
        {
          "option_text": "58px"
        },
        {
          "option_text": "60px"
        }
      ]
    }
  ]
}
